method,feature_id,read_id,activation,occurrence_count,rarity_pct,gc_content,complexity,length,sequence,feature_name
Precision Snippet,27115,CAVL1ANXX170419_7_1101_1031_31530_1,1783.0804,500,100.0,45.0,0.9773,60,NCATAACCGTCATTTCATCAGTTCACTCAGCNACCTGGNGGTAGCTTACATNGGGTATGG,Unknown
Consensus Assembly,27115,Consensus (N=10),127.3525,500,100.0,44.55,0.9821,101,NCATAACCGTCATTTCATCAGTTCACTCAGCNACCTGGNGGTAGCTTACATNGGGTATGGAAATATAGACTCCGCTTTTATCTGTCAGCAACGCGCTTTGC,Unknown
Precision Snippet,8583,CAVL1ANXX170419_7_1101_1031_31530_1,1004.5992,500,100.0,45.0,0.9773,60,NCATAACCGTCATTTCATCAGTTCACTCAGCNACCTGGNGGTAGCTTACATNGGGTATGG,Unknown
Consensus Assembly,8583,Consensus (N=10),75.5993,500,100.0,44.55,0.9821,101,NCATAACCGTCATTTCATCAGTTCACTCAGCNACCTGGNGGTAGCTTACATNGGGTATGGAAATATAGACTCCGCTTTTATCTGTCAGCAACGCGCTTTGC,Unknown
Precision Snippet,10518,CAVL1ANXX170419_7_1101_1031_31530_1,1030.8013,500,100.0,45.0,0.9773,60,NCATAACCGTCATTTCATCAGTTCACTCAGCNACCTGGNGGTAGCTTACATNGGGTATGG,Unknown
Consensus Assembly,10518,Consensus (N=10),70.486,500,100.0,44.55,0.9821,101,NCATAACCGTCATTTCATCAGTTCACTCAGCNACCTGGNGGTAGCTTACATNGGGTATGGAAATATAGACTCCGCTTTTATCTGTCAGCAACGCGCTTTGC,Unknown
Precision Snippet,2771,CAVL1ANXX170419_7_1101_1031_31530_1,473.2136,500,100.0,45.0,0.9773,60,NCATAACCGTCATTTCATCAGTTCACTCAGCNACCTGGNGGTAGCTTACATNGGGTATGG,Unknown
Consensus Assembly,2771,Consensus (N=10),32.1704,500,100.0,44.55,0.9821,101,NCATAACCGTCATTTCATCAGTTCACTCAGCNACCTGGNGGTAGCTTACATNGGGTATGGAAATATAGACTCCGCTTTTATCTGTCAGCAACGCGCTTTGC,Unknown
Precision Snippet,27630,CAVL1ANXX170419_7_1101_1031_31530_1,456.6254,500,100.0,45.0,0.9773,60,NCATAACCGTCATTTCATCAGTTCACTCAGCNACCTGGNGGTAGCTTACATNGGGTATGG,Unknown
Consensus Assembly,27630,Consensus (N=10),31.6513,500,100.0,44.55,0.9821,101,NCATAACCGTCATTTCATCAGTTCACTCAGCNACCTGGNGGTAGCTTACATNGGGTATGGAAATATAGACTCCGCTTTTATCTGTCAGCAACGCGCTTTGC,Unknown
Precision Snippet,32710,CAVL1ANXX170419_7_1101_1031_31530_1,322.3519,500,100.0,45.0,0.9773,60,NCATAACCGTCATTTCATCAGTTCACTCAGCNACCTGGNGGTAGCTTACATNGGGTATGG,Unknown
Consensus Assembly,32710,Consensus (N=10),31.156,500,100.0,44.55,0.9821,101,NCATAACCGTCATTTCATCAGTTCACTCAGCNACCTGGNGGTAGCTTACATNGGGTATGGAAATATAGACTCCGCTTTTATCTGTCAGCAACGCGCTTTGC,Unknown
Precision Snippet,9854,CAVL1ANXX170419_7_1101_1031_31530_1,401.608,500,100.0,45.0,0.9773,60,NCATAACCGTCATTTCATCAGTTCACTCAGCNACCTGGNGGTAGCTTACATNGGGTATGG,Unknown
Consensus Assembly,9854,Consensus (N=10),28.971,500,100.0,44.55,0.9821,101,NCATAACCGTCATTTCATCAGTTCACTCAGCNACCTGGNGGTAGCTTACATNGGGTATGGAAATATAGACTCCGCTTTTATCTGTCAGCAACGCGCTTTGC,Unknown
Precision Snippet,13744,CAVL1ANXX170419_7_1101_1031_31530_1,379.8092,500,100.0,45.0,0.9773,60,NCATAACCGTCATTTCATCAGTTCACTCAGCNACCTGGNGGTAGCTTACATNGGGTATGG,Unknown
Consensus Assembly,13744,Consensus (N=10),25.4877,500,100.0,44.55,0.9821,101,NCATAACCGTCATTTCATCAGTTCACTCAGCNACCTGGNGGTAGCTTACATNGGGTATGGAAATATAGACTCCGCTTTTATCTGTCAGCAACGCGCTTTGC,Unknown
Precision Snippet,9682,CAVL1ANXX170419_7_1101_1031_31530_1,349.0891,500,100.0,45.0,0.9773,60,NCATAACCGTCATTTCATCAGTTCACTCAGCNACCTGGNGGTAGCTTACATNGGGTATGG,Unknown
Consensus Assembly,9682,Consensus (N=10),24.4689,500,100.0,44.55,0.9821,101,NCATAACCGTCATTTCATCAGTTCACTCAGCNACCTGGNGGTAGCTTACATNGGGTATGGAAATATAGACTCCGCTTTTATCTGTCAGCAACGCGCTTTGC,Unknown
Precision Snippet,7948,CAVL1ANXX170419_7_1101_1031_31530_1,336.3051,500,100.0,45.0,0.9773,60,NCATAACCGTCATTTCATCAGTTCACTCAGCNACCTGGNGGTAGCTTACATNGGGTATGG,Unknown
Consensus Assembly,7948,Consensus (N=10),23.389,500,100.0,44.55,0.9821,101,NCATAACCGTCATTTCATCAGTTCACTCAGCNACCTGGNGGTAGCTTACATNGGGTATGGAAATATAGACTCCGCTTTTATCTGTCAGCAACGCGCTTTGC,Unknown
Precision Snippet,25827,CAVL1ANXX170419_7_1101_1031_31530_1,312.778,500,100.0,45.0,0.9773,60,NCATAACCGTCATTTCATCAGTTCACTCAGCNACCTGGNGGTAGCTTACATNGGGTATGG,Unknown
Consensus Assembly,25827,Consensus (N=10),22.0203,500,100.0,44.55,0.9821,101,NCATAACCGTCATTTCATCAGTTCACTCAGCNACCTGGNGGTAGCTTACATNGGGTATGGAAATATAGACTCCGCTTTTATCTGTCAGCAACGCGCTTTGC,Unknown
Precision Snippet,14871,CAVL1ANXX170419_7_1101_1031_31530_1,305.2845,500,100.0,45.0,0.9773,60,NCATAACCGTCATTTCATCAGTTCACTCAGCNACCTGGNGGTAGCTTACATNGGGTATGG,Unknown
Consensus Assembly,14871,Consensus (N=10),21.7881,500,100.0,44.55,0.9821,101,NCATAACCGTCATTTCATCAGTTCACTCAGCNACCTGGNGGTAGCTTACATNGGGTATGGAAATATAGACTCCGCTTTTATCTGTCAGCAACGCGCTTTGC,Unknown
Precision Snippet,12970,CAVL1ANXX170419_7_1101_1031_31530_1,334.4707,500,100.0,45.0,0.9773,60,NCATAACCGTCATTTCATCAGTTCACTCAGCNACCTGGNGGTAGCTTACATNGGGTATGG,Unknown
Consensus Assembly,12970,Consensus (N=10),21.6082,500,100.0,44.55,0.9821,101,NCATAACCGTCATTTCATCAGTTCACTCAGCNACCTGGNGGTAGCTTACATNGGGTATGGAAATATAGACTCCGCTTTTATCTGTCAGCAACGCGCTTTGC,Unknown
Precision Snippet,23151,CAVL1ANXX170419_7_1101_1031_31530_1,327.2389,500,100.0,45.0,0.9773,60,NCATAACCGTCATTTCATCAGTTCACTCAGCNACCTGGNGGTAGCTTACATNGGGTATGG,Unknown
Consensus Assembly,23151,Consensus (N=10),21.1054,500,100.0,44.55,0.9821,101,NCATAACCGTCATTTCATCAGTTCACTCAGCNACCTGGNGGTAGCTTACATNGGGTATGGAAATATAGACTCCGCTTTTATCTGTCAGCAACGCGCTTTGC,Unknown
Precision Snippet,31382,CAVL1ANXX170419_7_1101_1031_31530_1,317.6887,500,100.0,45.0,0.9773,60,NCATAACCGTCATTTCATCAGTTCACTCAGCNACCTGGNGGTAGCTTACATNGGGTATGG,Unknown
Consensus Assembly,31382,Consensus (N=10),20.7398,500,100.0,44.55,0.9821,101,NCATAACCGTCATTTCATCAGTTCACTCAGCNACCTGGNGGTAGCTTACATNGGGTATGGAAATATAGACTCCGCTTTTATCTGTCAGCAACGCGCTTTGC,Unknown
Precision Snippet,2206,CAVL1ANXX170419_7_1101_1031_31530_1,292.415,500,100.0,45.0,0.9773,60,NCATAACCGTCATTTCATCAGTTCACTCAGCNACCTGGNGGTAGCTTACATNGGGTATGG,Unknown
Consensus Assembly,2206,Consensus (N=10),20.3625,500,100.0,44.55,0.9821,101,NCATAACCGTCATTTCATCAGTTCACTCAGCNACCTGGNGGTAGCTTACATNGGGTATGGAAATATAGACTCCGCTTTTATCTGTCAGCAACGCGCTTTGC,Unknown
Precision Snippet,20033,CAVL1ANXX170419_7_1101_1031_31530_1,277.515,500,100.0,45.0,0.9773,60,NCATAACCGTCATTTCATCAGTTCACTCAGCNACCTGGNGGTAGCTTACATNGGGTATGG,Unknown
Consensus Assembly,20033,Consensus (N=10),19.8061,500,100.0,44.55,0.9821,101,NCATAACCGTCATTTCATCAGTTCACTCAGCNACCTGGNGGTAGCTTACATNGGGTATGGAAATATAGACTCCGCTTTTATCTGTCAGCAACGCGCTTTGC,Unknown
Precision Snippet,18067,CAVL1ANXX170419_7_1101_1031_31530_1,292.6898,500,100.0,45.0,0.9773,60,NCATAACCGTCATTTCATCAGTTCACTCAGCNACCTGGNGGTAGCTTACATNGGGTATGG,Unknown
Consensus Assembly,18067,Consensus (N=10),19.2133,500,100.0,44.55,0.9821,101,NCATAACCGTCATTTCATCAGTTCACTCAGCNACCTGGNGGTAGCTTACATNGGGTATGGAAATATAGACTCCGCTTTTATCTGTCAGCAACGCGCTTTGC,Unknown
Precision Snippet,13989,CAVL1ANXX170419_7_1101_1031_31530_1,277.6344,500,100.0,45.0,0.9773,60,NCATAACCGTCATTTCATCAGTTCACTCAGCNACCTGGNGGTAGCTTACATNGGGTATGG,Unknown
Consensus Assembly,13989,Consensus (N=10),18.874,500,100.0,44.55,0.9821,101,NCATAACCGTCATTTCATCAGTTCACTCAGCNACCTGGNGGTAGCTTACATNGGGTATGGAAATATAGACTCCGCTTTTATCTGTCAGCAACGCGCTTTGC,Unknown
Precision Snippet,9101,CAVL1ANXX170419_7_1101_1031_31530_1,279.6538,500,100.0,45.0,0.9773,60,NCATAACCGTCATTTCATCAGTTCACTCAGCNACCTGGNGGTAGCTTACATNGGGTATGG,Unknown
Consensus Assembly,9101,Consensus (N=10),18.8517,500,100.0,44.55,0.9821,101,NCATAACCGTCATTTCATCAGTTCACTCAGCNACCTGGNGGTAGCTTACATNGGGTATGGAAATATAGACTCCGCTTTTATCTGTCAGCAACGCGCTTTGC,Unknown
Precision Snippet,3988,CAVL1ANXX170419_7_1101_1031_31530_1,277.9297,500,100.0,45.0,0.9773,60,NCATAACCGTCATTTCATCAGTTCACTCAGCNACCTGGNGGTAGCTTACATNGGGTATGG,Unknown
Consensus Assembly,3988,Consensus (N=10),18.8497,500,100.0,44.55,0.9821,101,NCATAACCGTCATTTCATCAGTTCACTCAGCNACCTGGNGGTAGCTTACATNGGGTATGGAAATATAGACTCCGCTTTTATCTGTCAGCAACGCGCTTTGC,Unknown
Precision Snippet,15049,CAVL1ANXX170419_7_1101_1031_31530_1,284.8451,500,100.0,45.0,0.9773,60,NCATAACCGTCATTTCATCAGTTCACTCAGCNACCTGGNGGTAGCTTACATNGGGTATGG,Unknown
Consensus Assembly,15049,Consensus (N=10),18.7425,500,100.0,44.55,0.9821,101,NCATAACCGTCATTTCATCAGTTCACTCAGCNACCTGGNGGTAGCTTACATNGGGTATGGAAATATAGACTCCGCTTTTATCTGTCAGCAACGCGCTTTGC,Unknown
Precision Snippet,14235,CAVL1ANXX170419_7_1101_1031_31530_1,288.8117,500,100.0,45.0,0.9773,60,NCATAACCGTCATTTCATCAGTTCACTCAGCNACCTGGNGGTAGCTTACATNGGGTATGG,Unknown
Consensus Assembly,14235,Consensus (N=10),18.7146,500,100.0,44.55,0.9821,101,NCATAACCGTCATTTCATCAGTTCACTCAGCNACCTGGNGGTAGCTTACATNGGGTATGGAAATATAGACTCCGCTTTTATCTGTCAGCAACGCGCTTTGC,Unknown
Precision Snippet,31732,CAVL1ANXX170419_7_1101_1031_31530_1,280.354,500,100.0,45.0,0.9773,60,NCATAACCGTCATTTCATCAGTTCACTCAGCNACCTGGNGGTAGCTTACATNGGGTATGG,Unknown
Consensus Assembly,31732,Consensus (N=10),18.4849,500,100.0,44.55,0.9821,101,NCATAACCGTCATTTCATCAGTTCACTCAGCNACCTGGNGGTAGCTTACATNGGGTATGGAAATATAGACTCCGCTTTTATCTGTCAGCAACGCGCTTTGC,Unknown
Precision Snippet,14149,CAVL1ANXX170419_7_1101_1031_31530_1,279.8563,500,100.0,45.0,0.9773,60,NCATAACCGTCATTTCATCAGTTCACTCAGCNACCTGGNGGTAGCTTACATNGGGTATGG,Unknown
Consensus Assembly,14149,Consensus (N=10),18.4779,500,100.0,44.55,0.9821,101,NCATAACCGTCATTTCATCAGTTCACTCAGCNACCTGGNGGTAGCTTACATNGGGTATGGAAATATAGACTCCGCTTTTATCTGTCAGCAACGCGCTTTGC,Unknown
Precision Snippet,26953,CAVL1ANXX170419_7_1101_1031_31530_1,270.5125,500,100.0,45.0,0.9773,60,NCATAACCGTCATTTCATCAGTTCACTCAGCNACCTGGNGGTAGCTTACATNGGGTATGG,Unknown
Consensus Assembly,26953,Consensus (N=10),18.466,500,100.0,44.55,0.9821,101,NCATAACCGTCATTTCATCAGTTCACTCAGCNACCTGGNGGTAGCTTACATNGGGTATGGAAATATAGACTCCGCTTTTATCTGTCAGCAACGCGCTTTGC,Unknown
Precision Snippet,19507,CAVL1ANXX170419_7_1101_1031_31530_1,277.3517,500,100.0,45.0,0.9773,60,NCATAACCGTCATTTCATCAGTTCACTCAGCNACCTGGNGGTAGCTTACATNGGGTATGG,Unknown
Consensus Assembly,19507,Consensus (N=10),18.3967,500,100.0,44.55,0.9821,101,NCATAACCGTCATTTCATCAGTTCACTCAGCNACCTGGNGGTAGCTTACATNGGGTATGGAAATATAGACTCCGCTTTTATCTGTCAGCAACGCGCTTTGC,Unknown
Precision Snippet,25394,CAVL1ANXX170419_7_1101_1031_31530_1,268.5966,500,100.0,45.0,0.9773,60,NCATAACCGTCATTTCATCAGTTCACTCAGCNACCTGGNGGTAGCTTACATNGGGTATGG,Unknown
Consensus Assembly,25394,Consensus (N=10),18.3846,500,100.0,44.55,0.9821,101,NCATAACCGTCATTTCATCAGTTCACTCAGCNACCTGGNGGTAGCTTACATNGGGTATGGAAATATAGACTCCGCTTTTATCTGTCAGCAACGCGCTTTGC,Unknown
Precision Snippet,11342,CAVL1ANXX170419_7_1101_1031_31530_1,254.7831,500,100.0,45.0,0.9773,60,NCATAACCGTCATTTCATCAGTTCACTCAGCNACCTGGNGGTAGCTTACATNGGGTATGG,Unknown
Consensus Assembly,11342,Consensus (N=10),18.3557,500,100.0,44.55,0.9821,101,NCATAACCGTCATTTCATCAGTTCACTCAGCNACCTGGNGGTAGCTTACATNGGGTATGGAAATATAGACTCCGCTTTTATCTGTCAGCAACGCGCTTTGC,Unknown
Precision Snippet,20599,CAVL1ANXX170419_7_1101_1031_31530_1,266.0731,500,100.0,45.0,0.9773,60,NCATAACCGTCATTTCATCAGTTCACTCAGCNACCTGGNGGTAGCTTACATNGGGTATGG,Unknown
Consensus Assembly,20599,Consensus (N=10),18.1909,500,100.0,44.55,0.9821,101,NCATAACCGTCATTTCATCAGTTCACTCAGCNACCTGGNGGTAGCTTACATNGGGTATGGAAATATAGACTCCGCTTTTATCTGTCAGCAACGCGCTTTGC,Unknown
Precision Snippet,1874,CAVL1ANXX170419_7_1101_1031_31530_1,271.9692,500,100.0,45.0,0.9773,60,NCATAACCGTCATTTCATCAGTTCACTCAGCNACCTGGNGGTAGCTTACATNGGGTATGG,Unknown
Consensus Assembly,1874,Consensus (N=10),17.8172,500,100.0,44.55,0.9821,101,NCATAACCGTCATTTCATCAGTTCACTCAGCNACCTGGNGGTAGCTTACATNGGGTATGGAAATATAGACTCCGCTTTTATCTGTCAGCAACGCGCTTTGC,Unknown
Precision Snippet,2329,CAVL1ANXX170419_7_1101_1031_31530_1,268.2406,500,100.0,45.0,0.9773,60,NCATAACCGTCATTTCATCAGTTCACTCAGCNACCTGGNGGTAGCTTACATNGGGTATGG,Unknown
Consensus Assembly,2329,Consensus (N=10),17.8056,500,100.0,44.55,0.9821,101,NCATAACCGTCATTTCATCAGTTCACTCAGCNACCTGGNGGTAGCTTACATNGGGTATGGAAATATAGACTCCGCTTTTATCTGTCAGCAACGCGCTTTGC,Unknown
Precision Snippet,14803,CAVL1ANXX170419_7_1101_1031_31530_1,262.7015,500,100.0,45.0,0.9773,60,NCATAACCGTCATTTCATCAGTTCACTCAGCNACCTGGNGGTAGCTTACATNGGGTATGG,Unknown
Consensus Assembly,14803,Consensus (N=10),17.659,500,100.0,44.55,0.9821,101,NCATAACCGTCATTTCATCAGTTCACTCAGCNACCTGGNGGTAGCTTACATNGGGTATGGAAATATAGACTCCGCTTTTATCTGTCAGCAACGCGCTTTGC,Unknown
Precision Snippet,8094,CAVL1ANXX170419_7_1101_1031_31530_1,260.4302,500,100.0,45.0,0.9773,60,NCATAACCGTCATTTCATCAGTTCACTCAGCNACCTGGNGGTAGCTTACATNGGGTATGG,Unknown
Consensus Assembly,8094,Consensus (N=10),17.6581,500,100.0,44.55,0.9821,101,NCATAACCGTCATTTCATCAGTTCACTCAGCNACCTGGNGGTAGCTTACATNGGGTATGGAAATATAGACTCCGCTTTTATCTGTCAGCAACGCGCTTTGC,Unknown
Precision Snippet,3332,CAVL1ANXX170419_7_1101_1031_31530_1,257.5917,500,100.0,45.0,0.9773,60,NCATAACCGTCATTTCATCAGTTCACTCAGCNACCTGGNGGTAGCTTACATNGGGTATGG,Unknown
Consensus Assembly,3332,Consensus (N=10),17.4486,500,100.0,44.55,0.9821,101,NCATAACCGTCATTTCATCAGTTCACTCAGCNACCTGGNGGTAGCTTACATNGGGTATGGAAATATAGACTCCGCTTTTATCTGTCAGCAACGCGCTTTGC,Unknown
Precision Snippet,6016,CAVL1ANXX170419_7_1101_1031_31530_1,261.3721,500,100.0,45.0,0.9773,60,NCATAACCGTCATTTCATCAGTTCACTCAGCNACCTGGNGGTAGCTTACATNGGGTATGG,Unknown
Consensus Assembly,6016,Consensus (N=10),17.4437,500,100.0,44.55,0.9821,101,NCATAACCGTCATTTCATCAGTTCACTCAGCNACCTGGNGGTAGCTTACATNGGGTATGGAAATATAGACTCCGCTTTTATCTGTCAGCAACGCGCTTTGC,Unknown
Precision Snippet,27377,CAVL1ANXX170419_7_1101_1031_31530_1,252.0993,500,100.0,45.0,0.9773,60,NCATAACCGTCATTTCATCAGTTCACTCAGCNACCTGGNGGTAGCTTACATNGGGTATGG,Unknown
Consensus Assembly,27377,Consensus (N=10),17.2772,500,100.0,44.55,0.9821,101,NCATAACCGTCATTTCATCAGTTCACTCAGCNACCTGGNGGTAGCTTACATNGGGTATGGAAATATAGACTCCGCTTTTATCTGTCAGCAACGCGCTTTGC,Unknown
Precision Snippet,13687,CAVL1ANXX170419_7_1101_1031_31530_1,269.0805,500,100.0,45.0,0.9773,60,NCATAACCGTCATTTCATCAGTTCACTCAGCNACCTGGNGGTAGCTTACATNGGGTATGG,Unknown
Consensus Assembly,13687,Consensus (N=10),17.2639,500,100.0,44.55,0.9821,101,NCATAACCGTCATTTCATCAGTTCACTCAGCNACCTGGNGGTAGCTTACATNGGGTATGGAAATATAGACTCCGCTTTTATCTGTCAGCAACGCGCTTTGC,Unknown
Precision Snippet,20800,CAVL1ANXX170419_7_1101_1031_31530_1,247.1866,500,100.0,45.0,0.9773,60,NCATAACCGTCATTTCATCAGTTCACTCAGCNACCTGGNGGTAGCTTACATNGGGTATGG,Unknown
Consensus Assembly,20800,Consensus (N=10),17.176,500,100.0,44.55,0.9821,101,NCATAACCGTCATTTCATCAGTTCACTCAGCNACCTGGNGGTAGCTTACATNGGGTATGGAAATATAGACTCCGCTTTTATCTGTCAGCAACGCGCTTTGC,Unknown
Precision Snippet,10046,CAVL1ANXX170419_7_1101_1031_31530_1,247.4189,500,100.0,45.0,0.9773,60,NCATAACCGTCATTTCATCAGTTCACTCAGCNACCTGGNGGTAGCTTACATNGGGTATGG,Unknown
Consensus Assembly,10046,Consensus (N=10),17.1093,500,100.0,44.55,0.9821,101,NCATAACCGTCATTTCATCAGTTCACTCAGCNACCTGGNGGTAGCTTACATNGGGTATGGAAATATAGACTCCGCTTTTATCTGTCAGCAACGCGCTTTGC,Unknown
Precision Snippet,9266,CAVL1ANXX170419_7_1101_1031_31530_1,247.1154,500,100.0,45.0,0.9773,60,NCATAACCGTCATTTCATCAGTTCACTCAGCNACCTGGNGGTAGCTTACATNGGGTATGG,Unknown
Consensus Assembly,9266,Consensus (N=10),17.0568,500,100.0,44.55,0.9821,101,NCATAACCGTCATTTCATCAGTTCACTCAGCNACCTGGNGGTAGCTTACATNGGGTATGGAAATATAGACTCCGCTTTTATCTGTCAGCAACGCGCTTTGC,Unknown
Precision Snippet,2611,CAVL1ANXX170419_7_1101_1031_31530_1,240.4852,500,100.0,45.0,0.9773,60,NCATAACCGTCATTTCATCAGTTCACTCAGCNACCTGGNGGTAGCTTACATNGGGTATGG,Unknown
Consensus Assembly,2611,Consensus (N=10),16.9521,500,100.0,44.55,0.9821,101,NCATAACCGTCATTTCATCAGTTCACTCAGCNACCTGGNGGTAGCTTACATNGGGTATGGAAATATAGACTCCGCTTTTATCTGTCAGCAACGCGCTTTGC,Unknown
Precision Snippet,30139,CAVL1ANXX170419_7_1101_1031_31530_1,254.9135,500,100.0,45.0,0.9773,60,NCATAACCGTCATTTCATCAGTTCACTCAGCNACCTGGNGGTAGCTTACATNGGGTATGG,Unknown
Consensus Assembly,30139,Consensus (N=10),16.945,500,100.0,44.55,0.9821,101,NCATAACCGTCATTTCATCAGTTCACTCAGCNACCTGGNGGTAGCTTACATNGGGTATGGAAATATAGACTCCGCTTTTATCTGTCAGCAACGCGCTTTGC,Unknown
Precision Snippet,20081,CAVL1ANXX170419_7_1101_1031_31530_1,250.1072,500,100.0,45.0,0.9773,60,NCATAACCGTCATTTCATCAGTTCACTCAGCNACCTGGNGGTAGCTTACATNGGGTATGG,Unknown
Consensus Assembly,20081,Consensus (N=10),16.6156,500,100.0,44.55,0.9821,101,NCATAACCGTCATTTCATCAGTTCACTCAGCNACCTGGNGGTAGCTTACATNGGGTATGGAAATATAGACTCCGCTTTTATCTGTCAGCAACGCGCTTTGC,Unknown
Precision Snippet,293,CAVL1ANXX170419_7_1101_1031_31530_1,255.3782,424,84.8,45.0,0.9773,60,NCATAACCGTCATTTCATCAGTTCACTCAGCNACCTGGNGGTAGCTTACATNGGGTATGG,Unknown
Consensus Assembly,293,Consensus (N=10),16.5923,424,84.8,44.55,0.9821,101,NCATAACCGTCATTTCATCAGTTCACTCAGCNACCTGGNGGTAGCTTACATNGGGTATGGAAATATAGACTCCGCTTTTATCTGTCAGCAACGCGCTTTGC,Unknown
Precision Snippet,27092,CAVL1ANXX170419_7_1101_1031_31530_1,248.1345,500,100.0,45.0,0.9773,60,NCATAACCGTCATTTCATCAGTTCACTCAGCNACCTGGNGGTAGCTTACATNGGGTATGG,Unknown
Consensus Assembly,27092,Consensus (N=10),16.4417,500,100.0,44.55,0.9821,101,NCATAACCGTCATTTCATCAGTTCACTCAGCNACCTGGNGGTAGCTTACATNGGGTATGGAAATATAGACTCCGCTTTTATCTGTCAGCAACGCGCTTTGC,Unknown
Precision Snippet,723,CAVL1ANXX170419_7_1101_1031_31530_1,244.0277,500,100.0,45.0,0.9773,60,NCATAACCGTCATTTCATCAGTTCACTCAGCNACCTGGNGGTAGCTTACATNGGGTATGG,Unknown
Consensus Assembly,723,Consensus (N=10),16.4208,500,100.0,44.55,0.9821,101,NCATAACCGTCATTTCATCAGTTCACTCAGCNACCTGGNGGTAGCTTACATNGGGTATGGAAATATAGACTCCGCTTTTATCTGTCAGCAACGCGCTTTGC,Unknown
Precision Snippet,25400,CAVL1ANXX170419_7_1101_1031_31530_1,233.1382,500,100.0,45.0,0.9773,60,NCATAACCGTCATTTCATCAGTTCACTCAGCNACCTGGNGGTAGCTTACATNGGGTATGG,Unknown
Consensus Assembly,25400,Consensus (N=10),16.3905,500,100.0,44.55,0.9821,101,NCATAACCGTCATTTCATCAGTTCACTCAGCNACCTGGNGGTAGCTTACATNGGGTATGGAAATATAGACTCCGCTTTTATCTGTCAGCAACGCGCTTTGC,Unknown
Precision Snippet,17233,CAVL1ANXX170419_7_1101_1031_31530_1,248.1008,499,99.8,45.0,0.9773,60,NCATAACCGTCATTTCATCAGTTCACTCAGCNACCTGGNGGTAGCTTACATNGGGTATGG,Unknown
Consensus Assembly,17233,Consensus (N=10),16.3522,499,99.8,44.55,0.9821,101,NCATAACCGTCATTTCATCAGTTCACTCAGCNACCTGGNGGTAGCTTACATNGGGTATGGAAATATAGACTCCGCTTTTATCTGTCAGCAACGCGCTTTGC,Unknown
Precision Snippet,24092,CAVL1ANXX170419_7_1101_1031_31530_1,239.8682,500,100.0,45.0,0.9773,60,NCATAACCGTCATTTCATCAGTTCACTCAGCNACCTGGNGGTAGCTTACATNGGGTATGG,Unknown
Consensus Assembly,24092,Consensus (N=10),16.2809,500,100.0,44.55,0.9821,101,NCATAACCGTCATTTCATCAGTTCACTCAGCNACCTGGNGGTAGCTTACATNGGGTATGGAAATATAGACTCCGCTTTTATCTGTCAGCAACGCGCTTTGC,Unknown
Precision Snippet,23772,CAVL1ANXX170419_7_1101_1031_31530_1,259.6323,109,21.8,45.0,0.9773,60,NCATAACCGTCATTTCATCAGTTCACTCAGCNACCTGGNGGTAGCTTACATNGGGTATGG,Unknown
Consensus Assembly,23772,Consensus (N=10),16.2535,109,21.8,44.55,0.9821,101,NCATAACCGTCATTTCATCAGTTCACTCAGCNACCTGGNGGTAGCTTACATNGGGTATGGAAATATAGACTCCGCTTTTATCTGTCAGCAACGCGCTTTGC,Unknown
Precision Snippet,25201,CAVL1ANXX170419_7_1101_1031_31530_1,235.0072,500,100.0,45.0,0.9773,60,NCATAACCGTCATTTCATCAGTTCACTCAGCNACCTGGNGGTAGCTTACATNGGGTATGG,Unknown
Consensus Assembly,25201,Consensus (N=10),16.1923,500,100.0,44.55,0.9821,101,NCATAACCGTCATTTCATCAGTTCACTCAGCNACCTGGNGGTAGCTTACATNGGGTATGGAAATATAGACTCCGCTTTTATCTGTCAGCAACGCGCTTTGC,Unknown
Precision Snippet,27068,CAVL1ANXX170419_7_1101_1031_31530_1,248.9435,500,100.0,45.0,0.9773,60,NCATAACCGTCATTTCATCAGTTCACTCAGCNACCTGGNGGTAGCTTACATNGGGTATGG,Unknown
Consensus Assembly,27068,Consensus (N=10),16.0832,500,100.0,44.55,0.9821,101,NCATAACCGTCATTTCATCAGTTCACTCAGCNACCTGGNGGTAGCTTACATNGGGTATGGAAATATAGACTCCGCTTTTATCTGTCAGCAACGCGCTTTGC,Unknown
Precision Snippet,19621,CAVL1ANXX170419_7_1101_1031_31530_1,237.9814,500,100.0,45.0,0.9773,60,NCATAACCGTCATTTCATCAGTTCACTCAGCNACCTGGNGGTAGCTTACATNGGGTATGG,Unknown
Consensus Assembly,19621,Consensus (N=10),15.9657,500,100.0,44.55,0.9821,101,NCATAACCGTCATTTCATCAGTTCACTCAGCNACCTGGNGGTAGCTTACATNGGGTATGGAAATATAGACTCCGCTTTTATCTGTCAGCAACGCGCTTTGC,Unknown
Precision Snippet,20268,CAVL1ANXX170419_7_1101_1031_31530_1,142.8964,500,100.0,45.0,0.9773,60,NCATAACCGTCATTTCATCAGTTCACTCAGCNACCTGGNGGTAGCTTACATNGGGTATGG,Unknown
Consensus Assembly,20268,Consensus (N=10),15.9424,500,100.0,44.55,0.9821,101,NCATAACCGTCATTTCATCAGTTCACTCAGCNACCTGGNGGTAGCTTACATNGGGTATGGAAATATAGACTCCGCTTTTATCTGTCAGCAACGCGCTTTGC,Unknown
Precision Snippet,4937,CAVL1ANXX170419_7_1101_1031_31530_1,237.6352,7,1.4,45.0,0.9773,60,NCATAACCGTCATTTCATCAGTTCACTCAGCNACCTGGNGGTAGCTTACATNGGGTATGG,Unknown
Consensus Assembly,4937,Consensus (N=7),15.5382,7,1.4,44.55,0.9821,101,NCATAACCGTCATTTCATCAGTTCACTCAGCNACCTGGNGGTAGCTTACATNGGGTATGGAAATATAGACTCCGCTTTTATCTGTCAGCAACGCGCTTTGC,Unknown
Precision Snippet,11870,CAVL1ANXX170419_7_1101_1031_31530_1,232.0788,500,100.0,45.0,0.9773,60,NCATAACCGTCATTTCATCAGTTCACTCAGCNACCTGGNGGTAGCTTACATNGGGTATGG,Unknown
Consensus Assembly,11870,Consensus (N=10),15.526,500,100.0,44.55,0.9821,101,NCATAACCGTCATTTCATCAGTTCACTCAGCNACCTGGNGGTAGCTTACATNGGGTATGGAAATATAGACTCCGCTTTTATCTGTCAGCAACGCGCTTTGC,Unknown
Precision Snippet,26119,CAVL1ANXX170419_7_1101_1031_31530_1,235.1942,426,85.2,45.0,0.9773,60,NCATAACCGTCATTTCATCAGTTCACTCAGCNACCTGGNGGTAGCTTACATNGGGTATGG,Unknown
Consensus Assembly,26119,Consensus (N=10),15.3264,426,85.2,44.55,0.9821,101,NCATAACCGTCATTTCATCAGTTCACTCAGCNACCTGGNGGTAGCTTACATNGGGTATGGAAATATAGACTCCGCTTTTATCTGTCAGCAACGCGCTTTGC,Unknown
Precision Snippet,212,CAVL1ANXX170419_7_1101_1031_31530_1,233.4585,56,11.2,45.0,0.9773,60,NCATAACCGTCATTTCATCAGTTCACTCAGCNACCTGGNGGTAGCTTACATNGGGTATGG,Unknown
Consensus Assembly,212,Consensus (N=10),15.2757,56,11.2,44.55,0.9821,101,NCATAACCGTCATTTCATCAGTTCACTCAGCNACCTGGNGGTAGCTTACATNGGGTATGGAAATATAGACTCCGCTTTTATCTGTCAGCAACGCGCTTTGC,Unknown
Precision Snippet,22927,CAVL1ANXX170419_7_1101_1031_31530_1,90.8819,481,96.2,45.0,0.9773,60,NCATAACCGTCATTTCATCAGTTCACTCAGCNACCTGGNGGTAGCTTACATNGGGTATGG,Unknown
Consensus Assembly,22927,Consensus (N=10),15.2468,481,96.2,44.55,0.9821,101,NCATAACCGTCATTTCATCAGTTCACTCAGCNACCTGGNGGTAGCTTACATNGGGTATGGAAATATAGACTCCGCTTTTATCTGTCAGCAACGCGCTTTGC,Unknown
Precision Snippet,19903,CAVL1ANXX170419_7_1101_1031_31530_1,228.2967,475,95.0,45.0,0.9773,60,NCATAACCGTCATTTCATCAGTTCACTCAGCNACCTGGNGGTAGCTTACATNGGGTATGG,Unknown
Consensus Assembly,19903,Consensus (N=10),15.2214,475,95.0,44.55,0.9821,101,NCATAACCGTCATTTCATCAGTTCACTCAGCNACCTGGNGGTAGCTTACATNGGGTATGGAAATATAGACTCCGCTTTTATCTGTCAGCAACGCGCTTTGC,Unknown
Precision Snippet,5470,CAVL1ANXX170419_7_1101_1031_31530_1,143.3583,500,100.0,45.0,0.9773,60,NCATAACCGTCATTTCATCAGTTCACTCAGCNACCTGGNGGTAGCTTACATNGGGTATGG,Unknown
Consensus Assembly,5470,Consensus (N=10),15.217,500,100.0,44.55,0.9821,101,NCATAACCGTCATTTCATCAGTTCACTCAGCNACCTGGNGGTAGCTTACATNGGGTATGGAAATATAGACTCCGCTTTTATCTGTCAGCAACGCGCTTTGC,Unknown
Precision Snippet,17438,CAVL1ANXX170419_7_1101_1031_31530_1,15.897,490,98.0,45.0,0.9773,60,NCATAACCGTCATTTCATCAGTTCACTCAGCNACCTGGNGGTAGCTTACATNGGGTATGG,Unknown
Consensus Assembly,17438,Consensus (N=10),15.2105,490,98.0,44.55,0.9821,101,NCATAACCGTCATTTCATCAGTTCACTCAGCNACCTGGNGGTAGCTTACATNGGGTATGGAAATATAGACTCCGCTTTTATCTGTCAGCAACGCGCTTTGC,Unknown
Precision Snippet,24716,CAVL1ANXX170419_7_1101_1031_31530_1,15.6687,1,0.2,45.0,0.9773,60,NCATAACCGTCATTTCATCAGTTCACTCAGCNACCTGGNGGTAGCTTACATNGGGTATGG,Unknown
Precision Snippet,23692,CAVL1ANXX170419_7_1101_14241_79848_1,166.4464,499,99.8,49.02,0.9985,51,ATTTAAGGACCTCTCCTTCAGTTACGACGGCAAGCGCGAAGTGTTGAAGCA,Unknown
Consensus Assembly,23692,Consensus (N=10),9.1483,499,99.8,49.02,0.9985,51,ATTTAAGGACCTCTCCTTCAGTTACGACGGCAAGCGCGAAGTGTTGAAGCA,Unknown
Precision Snippet,25997,CAVL1ANXX170419_7_1101_14819_15378_1,144.6718,38,7.6,56.67,0.9634,60,GCCTCTCGGCCATTGACCAATATTCCTCACTGCTGCCTCCCGTAGGAGTTTGGTCCGTGT,Unknown
Consensus Assembly,25997,Consensus (N=10),8.5636,38,7.6,56.44,0.9745,101,GCCTCTCGGCCATTGACCAATATTCCTCACTGCTGCCTCCCGTAGGAGTTTGGTCCGTGTCTCAGTACCAATGTGGGGGACCTTCCTCTCAGAACCCCTGT,Unknown
Precision Snippet,7393,CAVL1ANXX170419_7_1101_13586_41102_1,7.0155,28,5.6,41.67,0.7519,60,ATTCTATTCCACTCCATTCCATTCCATTCCATTCCACTTCACCCCATTCCATTTCTTTCC,Unknown
Consensus Assembly,7393,Consensus (N=10),8.2419,28,5.6,46.0,0.8203,100,ATTCTATTCCACTCCATTCCATTCCATTCCATTCCACTTCACCCCATTCCATTTCTTTCCAATCCATTCCTTTCCAGTCCATTCCGCTCCACTCCGTTCC,Unknown
Precision Snippet,10653,CAVL1ANXX170419_7_1101_12300_18550_1,148.1827,488,97.6,45.0,0.9758,60,GGGCGGTATGTACTCTTACTATCCGGTTACTTATCCTCTACCCAACGGAGTATCTACTTT,Unknown
Consensus Assembly,10653,Consensus (N=10),8.0655,488,97.6,45.54,0.9905,101,GGGCGGTATGTACTCTTACTATCCGGTTACTTATCCTCTACCCAACGGAGTATCTACTTTCACACCCTATTACCGCGTGTATGATGAAGAATTGAAACCGC,Unknown
Precision Snippet,31424,CAVL1ANXX170419_7_1101_14006_53274_1,147.3458,350,70.0,48.33,0.9656,60,CACACAGGGGGATAACAGTTAGAAATGACTGCTAATACCGCATAAGCGCACAGTACCGCA,Unknown
Consensus Assembly,31424,Consensus (N=10),8.0357,350,70.0,48.51,0.9838,101,CACACAGGGGGATAACAGTTAGAAATGACTGCTAATACCGCATAAGCGCACAGTACCGCATGGTATAGTGTGAAAAACTCCGGTGGTGTGAGATGGATCCG,Unknown
Precision Snippet,15861,CAVL1ANXX170419_7_1101_14819_15378_1,67.4474,15,3.0,56.67,0.9634,60,GCCTCTCGGCCATTGACCAATATTCCTCACTGCTGCCTCCCGTAGGAGTTTGGTCCGTGT,Unknown
Consensus Assembly,15861,Consensus (N=10),8.0112,15,3.0,56.44,0.9745,101,GCCTCTCGGCCATTGACCAATATTCCTCACTGCTGCCTCCCGTAGGAGTTTGGTCCGTGTCTCAGTACCAATGTGGGGGACCTTCCTCTCAGAACCCCTGT,Unknown
Precision Snippet,12829,CAVL1ANXX170419_7_1101_1075_80949_1,0.0,75,15.0,42.31,0.9864,52,GCGGTTGGGTGATATAGGATATGCTATACAACAACATTGCGAGTCCAATTCT,Unknown
Consensus Assembly,12829,Consensus (N=10),7.907,75,15.0,42.31,0.9864,52,GCGGTTGGGTGATATAGGATATGCTATACAACAACATTGCGAGTCCAATTCT,Unknown
Precision Snippet,6300,CAVL1ANXX170419_7_1101_12300_18550_1,7.9673,152,30.4,45.0,0.9758,60,GGGCGGTATGTACTCTTACTATCCGGTTACTTATCCTCTACCCAACGGAGTATCTACTTT,Unknown
Consensus Assembly,6300,Consensus (N=10),7.8977,152,30.4,45.54,0.9905,101,GGGCGGTATGTACTCTTACTATCCGGTTACTTATCCTCTACCCAACGGAGTATCTACTTTCACACCCTATTACCGCGTGTATGATGAAGAATTGAAACCGC,Unknown
Precision Snippet,18732,CAVL1ANXX170419_7_1101_1176_50033_1,0.0,266,53.2,38.33,0.9737,60,GCGTAAGTTCAAGTAATTAACTGCTTGGAATCGCATTGTTGCTTTAGATTTCAAACGCGT,Unknown
Consensus Assembly,18732,Consensus (N=10),7.8481,266,53.2,47.52,0.9946,101,GCGTAAGTTCAAGTAATTAACTGCTTGGAATCGCATTGTTGCTTTAGATTTCAAACGCGTTGCTAACGCCGATGTAGGGGAGCCTGTATTGCAGGCTCCCC,Unknown
Precision Snippet,18000,CAVL1ANXX170419_7_1101_13130_61749_1,0.0,17,3.4,41.67,0.9698,60,GGGTCATATATCTTATGTCATCGTCAAAGCAGGCAAGCTGCTCTTCCTCCATTTTTTTCA,Unknown
Consensus Assembly,18000,Consensus (N=10),7.7553,17,3.4,48.51,0.9839,101,GGGTCATATATCTTATGTCATCGTCAAAGCAGGCAAGCTGCTCTTCCTCCATTTTTTTCAGTGCATAAAGCTCTTCCGACACGTCATGTCCGCCCTCGGCA,Unknown
Precision Snippet,1330,CAVL1ANXX170419_7_1101_11580_28013_1,0.0,68,13.6,66.67,0.9573,60,GGGCCAGCAGCCCTGGGGCAGGAGTCTGGATGCTTCTCAGGGCTCCCCTCAAGCCCTTCA,Unknown
Consensus Assembly,1330,Consensus (N=10),7.717,68,13.6,64.36,0.9552,101,GGGCCAGCAGCCCTGGGGCAGGAGTCTGGATGCTTCTCAGGGCTCCCCTCAAGCCCTTCAGTGTCTGTGGGCTTCTCACGAGGCTGCTCCTGAGCCTGTCT,Unknown
Precision Snippet,32214,CAVL1ANXX170419_7_1101_10079_16312_1,0.0,7,1.4,33.33,0.9306,51,GCACTATTTAATGCTTCATCGTATGCATTAATTGTTACTCTACCATCATAC,Unknown
Consensus Assembly,32214,Consensus (N=7),7.5689,7,1.4,33.33,0.9306,51,GCACTATTTAATGCTTCATCGTATGCATTAATTGTTACTCTACCATCATAC,Unknown
Precision Snippet,22717,CAVL1ANXX170419_7_1101_13586_41102_1,0.0,4,0.8,41.67,0.7519,60,ATTCTATTCCACTCCATTCCATTCCATTCCATTCCACTTCACCCCATTCCATTTCTTTCC,Unknown
Consensus Assembly,22717,Consensus (N=4),7.5512,4,0.8,46.0,0.8203,100,ATTCTATTCCACTCCATTCCATTCCATTCCATTCCACTTCACCCCATTCCATTTCTTTCCAATCCATTCCTTTCCAGTCCATTCCGCTCCACTCCGTTCC,Unknown
Precision Snippet,13693,CAVL1ANXX170419_7_1101_11580_28013_1,0.0,6,1.2,66.67,0.9573,60,GGGCCAGCAGCCCTGGGGCAGGAGTCTGGATGCTTCTCAGGGCTCCCCTCAAGCCCTTCA,Unknown
Consensus Assembly,13693,Consensus (N=6),7.5009,6,1.2,64.36,0.9552,101,GGGCCAGCAGCCCTGGGGCAGGAGTCTGGATGCTTCTCAGGGCTCCCCTCAAGCCCTTCAGTGTCTGTGGGCTTCTCACGAGGCTGCTCCTGAGCCTGTCT,Unknown
Precision Snippet,30446,CAVL1ANXX170419_7_1101_11703_94639_1,0.0,3,0.6,42.11,0.9016,57,GGACTTGAGTGGAATGAATTCGAATGGAATGGAAACGAATGGAATGCAATGGAATGG,Unknown
Consensus Assembly,30446,Consensus (N=3),7.4998,3,0.6,42.11,0.9016,57,GGACTTGAGTGGAATGAATTCGAATGGAATGGAAACGAATGGAATGCAATGGAATGG,Unknown
Precision Snippet,16509,CAVL1ANXX170419_7_1101_11966_68616_1,0.0,1,0.2,66.67,0.9057,60,TGCCGGAAGAGGCCGCTCCGGAAATGCCGGAAGAGGCGGAGCAGGAGATGCTGACGCAGG,Unknown
Precision Snippet,16743,CAVL1ANXX170419_7_1101_12198_27803_1,67.5501,9,1.8,15.0,0.7947,60,ATTATATACTGTACATAAAATATGAAATTACATCAAATATATATTAGGTACATAAAATAT,Unknown
Consensus Assembly,16743,Consensus (N=9),7.3871,9,1.8,15.84,0.8072,101,ATTATATACTGTACATAAAATATGAAATTACATCAAATATATATTAGGTACATAAAATATGAAAGTACATCAAATATATATTTTATTCTGTACATAAAATA,Unknown
Precision Snippet,10327,CAVL1ANXX170419_7_1101_13773_51213_1,0.0,1,0.2,25.0,0.8942,60,ATATATTATATACTCTACATAAAATATCAAAGTACCCAAGGTATGTATTCTATACTGTAC,Unknown
Precision Snippet,26886,CAVL1ANXX170419_7_1101_12595_80997_1,0.0,4,0.8,60.0,0.9703,60,TCGCCACTCCTACCGGTTCTACAGCCTATTCGCTGAGCATCGGGGGACCTGTCATCGTGC,Unknown
Consensus Assembly,26886,Consensus (N=4),7.1475,4,0.8,59.41,0.9675,101,TCGCCACTCCTACCGGTTCTACAGCCTATTCGCTGAGCATCGGGGGACCTGTCATCGTGCCACACAGCAACACCATCGCCATCACTCCGGTAGCACCTGTC,Unknown
Precision Snippet,27870,CAVL1ANXX170419_7_1101_1250_2168_1,22.9248,1,0.2,53.33,0.9854,60,GGATACTCCTCATACGCCTTGATTGTGATCCGCTCTACCGCCAATACTCCGATGGACCAG,Unknown
