discovery_type,method,feature_id,read_id,activation,length,sequence
Read-Centric,Precision Snippet,28184,CAVL1ANXX170419_7_1109_19977_2072_1,238.1612,60,NGGCATTGAACACATACTTACCGTTTGCGTCTCGAATACGGTTGCCCTCCTCGTCCAGCA
Feature-Centric,Consensus Assembly,28184,Consensus (N=10),25.6842,61,NGGCATTGAACACATACTTACCGTTTGCGTCTCGAATACGGTTGCCCTCCTCGTCCAGCAC
Read-Centric,Precision Snippet,31860,CAVL1ANXX170419_7_1109_19977_2072_1,239.9547,60,NGGCATTGAACACATACTTACCGTTTGCGTCTCGAATACGGTTGCCCTCCTCGTCCAGCA
Feature-Centric,Consensus Assembly,31860,Consensus (N=10),25.5724,61,NGGCATTGAACACATACTTACCGTTTGCGTCTCGAATACGGTTGCCCTCCTCGTCCAGCAC
Read-Centric,Precision Snippet,24716,CAVL1ANXX170419_7_1104_11360_2030_1,12.9946,60,NCGATAATAGGATAACTCTTTCTCCCAGCATACTTTTGGAACGTACGCATGCCCGTGTTG
Feature-Centric,Consensus Assembly,24716,Consensus (N=5),14.9399,101,NCGATAATAGGATAACTCTTTCTCCCAGCATACTTTTGGAACGTACGCATGCCCGTGTTGAGTTTATCTTTACAACGGTTGATGACGGGGGAAACTATCTG
Read-Centric,Precision Snippet,1071,CAVL1ANXX170419_7_1110_15934_79549_1,0.0,57,GCTAAGACTGTGCCACTGCACTCCAGTATTGGGGAAAGAGTGAGATCCAGTCGAAAT
Feature-Centric,Consensus Assembly,1071,Consensus (N=10),13.7599,57,GCTAAGACTGTGCCACTGCACTCCAGTATTGGGGAAAGAGTGAGATCCAGTCGAAAT
Read-Centric,Precision Snippet,24016,CAVL1ANXX170419_7_1103_17198_99965_1,3.6805,32,TTCACATAAAATCTACACAGAAGCATTCTGAG
Feature-Centric,Consensus Assembly,24016,Consensus (N=2),13.0004,63,ATTGTGAGGCCTACTCTTAAAATCAAATATTTTCACATAAAATCTACACAGAAGCATTCTGAG
Read-Centric,Precision Snippet,1324,CAVL1ANXX170419_7_1101_16657_92272_1,0.0,60,GTTTTAAGTAGATGGTCTCACCATGTTTCCCAGGCTGGTCTTGAATTCCTAGGCTCAAGT
Feature-Centric,Consensus Assembly,1324,Consensus (N=8),12.9507,60,GTTTTAAGTAGATGGTCTCACCATGTTTCCCAGGCTGGTCTTGAATTCCTAGGCTCAAGT
Read-Centric,Precision Snippet,14046,CAVL1ANXX170419_7_1110_11242_87146_1,24.1803,60,ATTTTAATCACATTGACAAAATACCTTCACAGTAACACTTAGACTCGTCCCCAGGTTATT
Feature-Centric,Consensus Assembly,14046,Consensus (N=10),11.0184,82,ATTTTAATCACATTGACAAAATACCTTCACAGTAACACTTAGACTCGTCCCCAGGTTATTCAATCAAACACTAGTCTAAGTG
Read-Centric,Precision Snippet,28275,CAVL1ANXX170419_7_1106_2429_14331_1,2.5025,42,ATGGGAAGAGGTGGATCCCCAACGCTATAACCACCTTAATAC
Feature-Centric,Consensus Assembly,28275,Consensus (N=8),9.1001,86,ACGCAGTACCATCGACGTGGTTGGGCTTAACTTCTCTGTTCGGAATGGGAAGAGGTGGATCCCCAACGCTATAACCACCTTAATAC
Read-Centric,Precision Snippet,8835,CAVL1ANXX170419_7_1109_19020_78778_1,2.2137,60,TGGTTAAGAGTGAGTCATGAAGTCCAGCATGAGCTCCAACTCCTACAGGATGCTCCTTCC
Feature-Centric,Consensus Assembly,8835,Consensus (N=2),8.6382,87,AGTGACTTCCTCTCCATGTCCTGCTGGTTAAGAGTGAGTCATGAAGTCCAGCATGAGCTCCAACTCCTACAGGATGCTCCTTCCTGT
Read-Centric,Precision Snippet,16509,CAVL1ANXX170419_7_1101_2570_83940_1,2.0487,60,TCCGCTTCGACGGCTTCCTCCGTCGTGTCCTGCGCATGGTCGAGCTGGAGGTCGATGTTC
Feature-Centric,Consensus Assembly,16509,Consensus (N=10),8.6259,90,GTCCTGGATTATTCCGCTTCGACGGCTTCCTCCGTCGTGTCCTGCGCATGGTCGAGCTGGAGGTCGATGTTCGGGCAATCCTTCCACAGT
Read-Centric,Precision Snippet,5244,CAVL1ANXX170419_7_1110_5793_76002_1,0.0,60,GCTCACACCTGTAATACCAACACTTCTTTTTTTTTGAGACAGAGTCTCGCTCTGTCGCCC
Feature-Centric,Consensus Assembly,5244,Consensus (N=3),8.0676,90,GCTCACACCTGTAATACCAACACTTCTTTTTTTTTGAGACAGAGTCTCGCTCTGTCGCCCAGGCTGGAGTGCGGTGGCACCATCTTGGCT
Read-Centric,Precision Snippet,21123,CAVL1ANXX170419_7_1108_9818_63925_1,2.3351,31,CTTTGAGTTTCACCGTTGCCGGCGTACTCCC
Feature-Centric,Consensus Assembly,21123,Consensus (N=5),8.0015,101,GGGTAAGGTTCCTCGCGTATCATCGAATTAAACCACATGTTCCTCCGCTTGTGCGGGCCCCCGTCAATTCCTTTGAGTTTCACCGTTGCCGGCGTACTCCC
Read-Centric,Precision Snippet,13408,CAVL1ANXX170419_7_1104_7274_21722_1,3.5201,41,ATCCCAGTGAGTTATTTCATGGATACTGACAAACTGATTTT
Feature-Centric,Consensus Assembly,13408,Consensus (N=2),7.709,101,ATTGTCAAGATGTCAGTTCTCCCTGACTTCCTCTATAGATTCAATGCACTCCCAATCAAAATCCCAGTGAGTTATTTCATGGATACTGACAAACTGATTTT
Read-Centric,Precision Snippet,22601,CAVL1ANXX170419_7_1104_13231_95332_1,0.0,60,CACCTACTGCACACACACCATGTGCACATGCATACACCCCATACAGACACCACACACTGC
Feature-Centric,Consensus Assembly,22601,Consensus (N=3),7.6582,90,CACCTACTGCACACACACCATGTGCACATGCATACACCCCATACAGACACCACACACTGCACACACACCACACATAGACACTACACACAC
Read-Centric,Precision Snippet,27870,CAVL1ANXX170419_7_1105_5776_37418_1,25.4288,60,GTCAGTTCACGCACACCGTCAGCCGTCTCCGCGAGGGTATTCGTCGCCAGTTCGCCGATG
Feature-Centric,Consensus Assembly,27870,Consensus (N=10),7.5288,100,GTCAGTTCACGCACACCGTCAGCCGTCTCCGCGAGGGTATTCGTCGCCAGTTCGCCGATGACCGCATCGCTCACGATGCGCACCACGCTTTTGTCGGTGG
Read-Centric,Precision Snippet,23593,CAVL1ANXX170419_7_1103_16309_42662_1,0.6679,60,AGCTCAGCATATATACCCCATGACTCAGCAATCTGTCAGGATATTTATTTTGTTTCAGAA
Feature-Centric,Consensus Assembly,23593,Consensus (N=2),7.2763,101,AGTATAAACTGATACAATTACTTTGGAGAACACATTAAAGCTCAGCATATATACCCCATGACTCAGCAATCTGTCAGGATATTTATTTTGTTTCAGAAGAA
Read-Centric,Precision Snippet,338,CAVL1ANXX170419_7_1105_15895_14833_1,4.0221,60,AAACTGAGAGCTGGGCAGGTTAATCCACTTTCCCAAGGCTGCGCCACAGAGAGAGGCAGC
Feature-Centric,Consensus Assembly,338,Consensus (N=2),6.9644,101,CACTTGGGTGTTTTGCAGAAGTGGAAACTGAGAGCTGGGCAGGTTAATCCACTTTCCCAAGGCTGCGCCACAGAGAGAGGCAGCGGGGCTTCAGCCTCAGG
