feature_id,discovery_type,method,novelty,e_value,plddt,blast_identity,top_hit,sequence
28184,Read-Centric,Precision Snippet,KNOWN,8.50E-14,0,93.10344828,gi|3135912377|dbj|AP029190.1| [Clostridium] nexile,NGGCATTGAACACATACTTACCGTTTGCGTCTCGAATACGGTTGCCCTCCTCGTCCAGCA
28184,Feature-Centric,Consensus Assembly,KNOWN,8.85E-14,0,93.10344828,gi|3135912377|dbj|AP029190.1| [Clostridium] nexile,NGGCATTGAACACATACTTACCGTTTGCGTCTCGAATACGGTTGCCCTCCTCGTCCAGCAC
31860,Read-Centric,Precision Snippet,KNOWN,8.50E-14,0,93.10344828,gi|3135912377|dbj|AP029190.1| [Clostridium] nexile,NGGCATTGAACACATACTTACCGTTTGCGTCTCGAATACGGTTGCCCTCCTCGTCCAGCA
31860,Feature-Centric,Consensus Assembly,KNOWN,8.85E-14,0,93.10344828,gi|3135912377|dbj|AP029190.1| [Clostridium] nexile,NGGCATTGAACACATACTTACCGTTTGCGTCTCGAATACGGTTGCCCTCCTCGTCCAGCAC
24716,Read-Centric,Precision Snippet,KNOWN,9.08E-20,0,100,gi|2916523787|gb|CP181423.1| Phocaeicola vulgatus ,NCGATAATAGGATAACTCTTTCTCCCAGCATACTTTTGGAACGTACGCATGCCCGTGTTG
24716,Feature-Centric,Consensus Assembly,KNOWN,1.34E-41,0,100,gi|2916523787|gb|CP181423.1| Phocaeicola vulgatus ,NCGATAATAGGATAACTCTTTCTCCCAGCATACTTTTGGAACGTACGCATGCCCGTGTTGAGTTTATCTTTACAACGGTTGATGACGGGGGAAACTATCTG
1071,Read-Centric,Precision Snippet,KNOWN,1.34E-10,0,89.47368421,gi|2031942126|emb|OD958056.1| Naegleria fowleri Ka,GCTAAGACTGTGCCACTGCACTCCAGTATTGGGGAAAGAGTGAGATCCAGTCGAAAT
1071,Feature-Centric,Consensus Assembly,KNOWN,1.34E-10,0,89.47368421,gi|2031942126|emb|OD958056.1| Naegleria fowleri Ka,GCTAAGACTGTGCCACTGCACTCCAGTATTGGGGAAAGAGTGAGATCCAGTCGAAAT
24016,Read-Centric,Precision Snippet,KNOWN,5.16E-06,0,100,gi|18642378|emb|AL591645.35| Human DNA sequence fr,TTCACATAAAATCTACACAGAAGCATTCTGAG
24016,Feature-Centric,Consensus Assembly,KNOWN,3.34E-13,0,90.625,gi|1880404673|gb|AC280223.1| Pan troglodytes chrom,ATTGTGAGGCCTACTCTTAAAATCAAATATTTTCACATAAAATCTACACAGAAGCATTCTGAG
1324,Read-Centric,Precision Snippet,KNOWN,1.35E-17,0,96.66666667,gi|8468932|gb|AC004824.3| Homo sapiens PAC clone R,GTTTTAAGTAGATGGTCTCACCATGTTTCCCAGGCTGGTCTTGAATTCCTAGGCTCAAGT
1324,Feature-Centric,Consensus Assembly,KNOWN,1.35E-17,0,96.66666667,gi|8468932|gb|AC004824.3| Homo sapiens PAC clone R,GTTTTAAGTAGATGGTCTCACCATGTTTCCCAGGCTGGTCTTGAATTCCTAGGCTCAAGT
14046,Read-Centric,Precision Snippet,KNOWN,3.61E-12,0,97.91666667,gi|13121457|emb|AL449344.5| Human DNA sequence fro,ATTTTAATCACATTGACAAAATACCTTCACAGTAACACTTAGACTCGTCCCCAGGTTATT
14046,Feature-Centric,Consensus Assembly,KNOWN,6.78E-12,0,97.91666667,gi|13121457|emb|AL449344.5| Human DNA sequence fro,ATTTTAATCACATTGACAAAATACCTTCACAGTAACACTTAGACTCGTCCCCAGGTTATTCAATCAAACACTAGTCTAAGTG
28275,Read-Centric,Precision Snippet,KNOWN,5.12E-11,0,100,gi|2299469380|gb|CP102286.1| Parabacteroides merda,ATGGGAAGAGGTGGATCCCCAACGCTATAACCACCTTAATAC
28275,Feature-Centric,Consensus Assembly,KNOWN,4.08E-34,0,100,gi|2299469380|gb|CP102286.1| Parabacteroides merda,ACGCAGTACCATCGACGTGGTTGGGCTTAACTTCTCTGTTCGGAATGGGAAGAGGTGGATCCCCAACGCTATAACCACCTTAATAC
8835,Read-Centric,Precision Snippet,KNOWN,6.98E-15,0,100,gi|83921780|gb|AC139099.2| Homo sapiens chromosome,TGGTTAAGAGTGAGTCATGAAGTCCAGCATGAGCTCCAACTCCTACAGGATGCTCCTTCC
8835,Feature-Centric,Consensus Assembly,KNOWN,2.46E-24,0,100,gi|83921780|gb|AC139099.2| Homo sapiens chromosome,AGTGACTTCCTCTCCATGTCCTGCTGGTTAAGAGTGAGTCATGAAGTCCAGCATGAGCTCCAACTCCTACAGGATGCTCCTTCCTGT
16509,Read-Centric,Precision Snippet,KNOWN,2.60E-20,0,100,gi|2021584390|gb|CP072503.1| Bifidobacterium denti,TCCGCTTCGACGGCTTCCTCCGTCGTGTCCTGCGCATGGTCGAGCTGGAGGTCGATGTTC
16509,Feature-Centric,Consensus Assembly,KNOWN,2.97E-36,0,100,gi|2021584390|gb|CP072503.1| Bifidobacterium denti,GTCCTGGATTATTCCGCTTCGACGGCTTCCTCCGTCGTGTCCTGCGCATGGTCGAGCTGGAGGTCGATGTTCGGGCAATCCTTCCACAGT
5244,Read-Centric,Precision Snippet,KNOWN,3.61E-12,0,90,gi|2695837339|ref|XM_054469366.2| PREDICTED: Pongo,GCTCACACCTGTAATACCAACACTTCTTTTTTTTTGAGACAGAGTCTCGCTCTGTCGCCC
5244,Feature-Centric,Consensus Assembly,KNOWN,7.47E-25,0,100,gi|7768713|dbj|AP001708.1| Homo sapiens genomic DN,GCTCACACCTGTAATACCAACACTTCTTTTTTTTTGAGACAGAGTCTCGCTCTGTCGCCCAGGCTGGAGTGCGGTGGCACCATCTTGGCT
21123,Read-Centric,Precision Snippet,KNOWN,1.80E-05,0,100,gi|2904984879|gb|PQ394675.2| Aquirufa avitistagni ,CTTTGAGTTTCACCGTTGCCGGCGTACTCCC
21123,Feature-Centric,Consensus Assembly,KNOWN,3.83E-42,0,100,gi|1408199362|gb|MH515753.1| Uncultured Bacteroide,GGGTAAGGTTCCTCGCGTATCATCGAATTAAACCACATGTTCCTCCGCTTGTGCGGGCCCCCGTCAATTCCTTTGAGTTTCACCGTTGCCGGCGTACTCCC
13408,Read-Centric,Precision Snippet,KNOWN,1.57E-10,0,100,gi|256096049|emb|FP565171.2| Human DNA sequence fr,ATCCCAGTGAGTTATTTCATGGATACTGACAAACTGATTTT
13408,Feature-Centric,Consensus Assembly,KNOWN,3.83E-42,0,100,gi|256096049|emb|FP565171.2| Human DNA sequence fr,ATTGTCAAGATGTCAGTTCTCCCTGACTTCCTCTATAGATTCAATGCACTCCCAATCAAAATCCCAGTGAGTTATTTCATGGATACTGACAAACTGATTTT
22601,Read-Centric,Precision Snippet,NOVEL,10,0,0,No Hits Found,CACCTACTGCACACACACCATGTGCACATGCATACACCCCATACAGACACCACACACTGC
22601,Feature-Centric,Consensus Assembly,NOVEL,10,0,0,No Hits Found,CACCTACTGCACACACACCATGTGCACATGCATACACCCCATACAGACACCACACACTGCACACACACCACACATAGACACTACACACAC
27870,Read-Centric,Precision Snippet,KNOWN,6.98E-15,0,93.33333333,gi|2032946404|gb|CP072243.1| Bacteroides salyersia,GTCAGTTCACGCACACCGTCAGCCGTCTCCGCGAGGGTATTCGTCGCCAGTTCGCCGATG
27870,Feature-Centric,Consensus Assembly,KNOWN,1.50E-34,0,95,gi|2032946404|gb|CP072243.1| Bacteroides salyersia,GTCAGTTCACGCACACCGTCAGCCGTCTCCGCGAGGGTATTCGTCGCCAGTTCGCCGATGACCGCATCGCTCACGATGCGCACCACGCTTTTGTCGGTGG
23593,Read-Centric,Precision Snippet,KNOWN,2.60E-20,0,100,gi|169791965|gb|AC212783.3| Homo sapiens FOSMID cl,AGCTCAGCATATATACCCCATGACTCAGCAATCTGTCAGGATATTTATTTTGTTTCAGAA
23593,Feature-Centric,Consensus Assembly,KNOWN,3.83E-42,0,100,gi|169791965|gb|AC212783.3| Homo sapiens FOSMID cl,AGTATAAACTGATACAATTACTTTGGAGAACACATTAAAGCTCAGCATATATACCCCATGACTCAGCAATCTGTCAGGATATTTATTTTGTTTCAGAAGAA
338,Read-Centric,Precision Snippet,KNOWN,2.60E-20,0,100,gi|272993010|gb|GU268538.1| Homo sapiens contig fr,AAACTGAGAGCTGGGCAGGTTAATCCACTTTCCCAAGGCTGCGCCACAGAGAGAGGCAGC
338,Feature-Centric,Consensus Assembly,KNOWN,3.83E-42,0,100,gi|272993010|gb|GU268538.1| Homo sapiens contig fr,CACTTGGGTGTTTTGCAGAAGTGGAAACTGAGAGCTGGGCAGGTTAATCCACTTTCCCAAGGCTGCGCCACAGAGAGAGGCAGCGGGGCTTCAGCCTCAGG
